{"cameraMode":{"drawMode":0,"name":"Shaded","section":"Shading Mode"},"sceneLighting":false,"audioPlay":false,"sceneViewState":{"showFog":true,"showMaterialUpdate":false,"showSkybox":true,"showFlares":true,"showImageEffects":true,"showParticleSystems":true},"in2DMode":false,"pivot":{"x":435.9646911621094,"y":251.99526977539063,"z":0.0},"rotation":{"x":0.22612309455871583,"y":0.041776664555072787,"z":-0.009707346558570862,"w":0.9731541275978088},"size":8.802972793579102,"orthographic":false}