{"cameraMode":{"drawMode":0,"name":"Shaded","section":"Shading Mode"},"sceneLighting":true,"audioPlay":false,"sceneViewState":{"showFog":true,"showMaterialUpdate":false,"showSkybox":true,"showFlares":true,"showImageEffects":true,"showParticleSystems":true},"in2DMode":false,"pivot":{"x":-1.8251478672027588,"y":0.1330568641424179,"z":2.139784097671509},"rotation":{"x":0.01773238740861416,"y":-0.9531020522117615,"z":-0.056959763169288638,"w":-0.2967115044593811},"size":0.9136258959770203,"orthographic":false}