{"cameraMode":{"drawMode":0,"name":"Shaded","section":"Shading Mode"},"sceneLighting":true,"audioPlay":false,"sceneViewState":{"showFog":true,"showMaterialUpdate":false,"showSkybox":true,"showFlares":true,"showImageEffects":true,"showParticleSystems":true},"in2DMode":false,"pivot":{"x":168.5,"y":196.00001525878907,"z":0.0000629425048828125},"rotation":{"x":0.19491012394428254,"y":-0.022688886150717737,"z":0.00451002037152648,"w":0.9805482625961304},"size":100.86618041992188,"orthographic":false}