{"cameraMode":{"drawMode":0,"name":"Shaded","section":"Shading Mode"},"sceneLighting":false,"audioPlay":false,"sceneViewState":{"showFog":true,"showMaterialUpdate":false,"showSkybox":true,"showFlares":true,"showImageEffects":true,"showParticleSystems":true},"in2DMode":false,"pivot":{"x":0.0,"y":-3.0713720321655275,"z":-3.7000226974487306},"rotation":{"x":-0.04591110721230507,"y":-0.7540844082832336,"z":-0.05301693454384804,"w":0.653022289276123},"size":26.412891387939454,"orthographic":false}