{"cameraMode":{"drawMode":0,"name":"Shaded","section":"Shading Mode"},"sceneLighting":true,"audioPlay":false,"sceneViewState":{"showFog":true,"showMaterialUpdate":false,"showSkybox":true,"showFlares":true,"showImageEffects":true,"showParticleSystems":true},"in2DMode":false,"pivot":{"x":0.4912991523742676,"y":0.9602017402648926,"z":-1.1132210493087769},"rotation":{"x":-0.04591110721230507,"y":-0.7540844678878784,"z":-0.05301693454384804,"w":0.653022289276123},"size":2.641289234161377,"orthographic":false}